img,succes,fail
scene00271.jpg,1,0
scene00301.jpg,1,0
scene00331.jpg,0,1
scene00361.jpg,0,1
scene00391.jpg,0,1
scene00451.jpg,1,0
scene00481.jpg,1,0
scene00511.jpg,1,0
scene00541.jpg,1,0
scene00571.jpg,1,0
scene00601.jpg,1,0
scene00631.jpg,1,0
scene00661.jpg,1,0
scene00691.jpg,0,1
scene00721.jpg,0,1
scene00751.jpg,0,1
scene00781.jpg,1,0
scene00811.jpg,1,0
scene00841.jpg,1,0
scene00871.jpg,1,0
scene00901.jpg,1,0
scene00931.jpg,1,0
scene00961.jpg,1,0
scene00991.jpg,1,0
scene01021.jpg,1,0
scene01051.jpg,1,0
scene01081.jpg,1,0
scene01111.jpg,1,0
scene01141.jpg,1,0
scene01171.jpg,1,0
scene01201.jpg,1,0
scene01231.jpg,1,0
scene01261.jpg,1,0
scene01291.jpg,1,0
scene01321.jpg,1,0
scene01351.jpg,1,0
scene01381.jpg,1,0
scene01411.jpg,1,0
scene01441.jpg,1,0
scene01471.jpg,1,0
scene01501.jpg,1,0
scene01531.jpg,1,0
scene01561.jpg,1,0
scene01591.jpg,1,0
scene01621.jpg,1,0
scene01651.jpg,1,0
scene01681.jpg,1,0
scene01711.jpg,0,1
scene01741.jpg,0,1
scene01771.jpg,0,1
scene01801.jpg,0,1
scene01831.jpg,0,1
scene01861.jpg,0,1
scene01891.jpg,0,1
scene01921.jpg,0,1
scene01951.jpg,0,1
scene01981.jpg,0,1
scene02011.jpg,0,1
scene02041.jpg,0,1
scene02071.jpg,0,1
scene02101.jpg,0,1
scene02131.jpg,0,1
scene02161.jpg,0,1
scene02191.jpg,0,1
scene02221.jpg,1,0
scene02251.jpg,0,1
scene02281.jpg,0,1
scene02311.jpg,0,1
scene02341.jpg,0,1
scene02371.jpg,0,1
scene02401.jpg,1,0
scene02431.jpg,1,0
scene02461.jpg,1,0
scene02491.jpg,1,0
scene02521.jpg,1,0
scene02551.jpg,1,0
scene02581.jpg,1,0
scene02611.jpg,1,0
scene02641.jpg,0,1
scene02881.jpg,0,1
scene02911.jpg,0,1
scene02941.jpg,0,1
scene02971.jpg,0,1
scene03001.jpg,0,1
scene03031.jpg,0,1
scene03061.jpg,0,1
scene03121.jpg,0,1
scene03151.jpg,0,1
scene03181.jpg,0,1
scene03211.jpg,0,1
scene03241.jpg,0,1
scene03271.jpg,0,1
scene03301.jpg,1,0
scene03331.jpg,0,1
scene03361.jpg,1,0
scene03391.jpg,1,0
scene03421.jpg,1,0
scene03451.jpg,1,0
scene03481.jpg,1,0
scene03511.jpg,1,0
scene03541.jpg,1,0
scene03571.jpg,1,0
scene03601.jpg,1,0
scene03751.jpg,1,0
scene03781.jpg,1,0
scene03811.jpg,1,0
scene03841.jpg,1,0
scene03871.jpg,1,0
scene03901.jpg,1,0
scene03931.jpg,1,0
scene03961.jpg,1,0
scene03991.jpg,1,0
scene04021.jpg,1,0
scene04051.jpg,1,0
scene04081.jpg,1,0
scene04351.jpg,1,0
scene04381.jpg,1,0
scene04411.jpg,1,0
scene04441.jpg,1,0
scene04471.jpg,1,0
scene04501.jpg,1,0
scene04531.jpg,1,0
scene04561.jpg,1,0
scene04591.jpg,1,0
scene04621.jpg,1,0
scene04651.jpg,1,0
scene04681.jpg,1,0
scene04711.jpg,1,0
scene04741.jpg,1,0
scene04771.jpg,1,0
scene04801.jpg,1,0
scene04831.jpg,1,0
scene04861.jpg,1,0
scene04891.jpg,1,0
scene04921.jpg,1,0
scene05071.jpg,1,0
scene05101.jpg,1,0
scene05131.jpg,1,0
scene05161.jpg,1,0
scene05191.jpg,1,0
scene05221.jpg,1,0
scene05251.jpg,1,0
scene05281.jpg,1,0
scene05311.jpg,1,0
scene05341.jpg,1,0
scene05371.jpg,1,0
scene05401.jpg,1,0
scene05431.jpg,1,0
scene05461.jpg,1,0
scene05491.jpg,1,0
scene05521.jpg,1,0
scene05551.jpg,1,0
scene05581.jpg,1,0
scene05611.jpg,1,0
scene05641.jpg,1,0
scene05671.jpg,1,0
scene05701.jpg,1,0
scene05731.jpg,1,0
scene05761.jpg,1,0
scene05791.jpg,1,0
scene05821.jpg,1,0
scene05851.jpg,1,0
scene05881.jpg,1,0
scene05911.jpg,1,0
scene05941.jpg,1,0
scene05971.jpg,1,0
scene06001.jpg,1,0
scene06031.jpg,1,0
scene06061.jpg,1,0
scene06091.jpg,1,0
scene07441.jpg,1,0
scene07471.jpg,1,0
scene07501.jpg,1,0
scene07531.jpg,1,0
scene07561.jpg,1,0
scene07591.jpg,1,0
scene07621.jpg,1,0
scene07651.jpg,1,0
scene07681.jpg,1,0
scene07711.jpg,1,0
scene07741.jpg,1,0
scene07771.jpg,1,0
scene07801.jpg,1,0
scene07831.jpg,1,0
scene07861.jpg,1,0
scene07891.jpg,1,0
scene07921.jpg,1,0
scene07951.jpg,1,0
scene07981.jpg,1,0
scene09721.jpg,1,0
scene09751.jpg,1,0
scene09781.jpg,1,0
scene09811.jpg,1,0
scene09841.jpg,1,0
scene09871.jpg,1,0
scene09901.jpg,1,0
scene09931.jpg,1,0
scene09961.jpg,1,0
scene09991.jpg,1,0
scene11731.jpg,1,0
scene11761.jpg,1,0
scene11791.jpg,1,0
scene11821.jpg,1,0
scene11851.jpg,1,0
scene11881.jpg,1,0
scene11911.jpg,1,0
scene11941.jpg,1,0
scene11971.jpg,1,0
scene12001.jpg,1,0
scene12031.jpg,1,0
scene12061.jpg,1,0
scene12091.jpg,1,0
scene12121.jpg,1,0
scene12151.jpg,1,0
scene12181.jpg,1,0
scene12211.jpg,1,0
scene12241.jpg,1,0
scene12271.jpg,1,0
scene12301.jpg,1,0
scene12331.jpg,1,0
scene12361.jpg,1,0
scene12391.jpg,1,0
scene12421.jpg,1,0
scene12451.jpg,1,0
scene12481.jpg,1,0
scene12511.jpg,1,0
scene12541.jpg,1,0
scene12571.jpg,1,0
scene12601.jpg,1,0
scene12631.jpg,1,0
scene12661.jpg,1,0
scene12691.jpg,1,0
scene12721.jpg,1,0
scene12751.jpg,1,0
scene12781.jpg,1,0
scene12811.jpg,1,0
scene12841.jpg,1,0
scene12871.jpg,1,0
scene12901.jpg,1,0
scene12931.jpg,1,0
scene12961.jpg,1,0
scene12991.jpg,1,0
scene13021.jpg,1,0
scene13051.jpg,1,0
scene13081.jpg,1,0
scene13111.jpg,1,0
scene13141.jpg,1,0
scene13171.jpg,1,0
scene13201.jpg,1,0
scene13231.jpg,1,0
scene13261.jpg,1,0
scene13291.jpg,1,0
scene13321.jpg,1,0
scene13351.jpg,1,0
scene13381.jpg,1,0
scene13411.jpg,1,0
scene13441.jpg,1,0
scene13471.jpg,1,0
scene13501.jpg,1,0
scene13531.jpg,1,0
scene13561.jpg,1,0
scene13591.jpg,1,0
scene13621.jpg,1,0
scene13651.jpg,1,0
scene13681.jpg,1,0
scene13711.jpg,1,0
scene13741.jpg,1,0
scene13771.jpg,1,0
scene13801.jpg,1,0
scene13831.jpg,1,0
scene13861.jpg,1,0
scene13891.jpg,1,0
scene13921.jpg,1,0
scene13951.jpg,1,0
scene13981.jpg,1,0
scene14011.jpg,1,0
scene14041.jpg,1,0
scene14071.jpg,1,0
scene15121.jpg,1,0
scene15151.jpg,1,0
scene15181.jpg,1,0
scene15211.jpg,1,0
scene15241.jpg,1,0
scene15271.jpg,1,0
scene15301.jpg,1,0
scene15331.jpg,1,0
scene15361.jpg,1,0
scene15391.jpg,1,0
scene15421.jpg,1,0
scene15451.jpg,1,0
scene15481.jpg,1,0
scene15511.jpg,1,0
scene15541.jpg,1,0
scene15571.jpg,1,0
scene15601.jpg,1,0
scene15631.jpg,1,0
scene15661.jpg,1,0
scene15721.jpg,1,0
scene15751.jpg,1,0
scene15781.jpg,1,0
scene15811.jpg,1,0
scene15841.jpg,1,0
scene15871.jpg,1,0
scene15901.jpg,1,0
scene15931.jpg,1,0
scene15961.jpg,1,0
scene15991.jpg,1,0
scene16021.jpg,1,0
scene16051.jpg,1,0
scene16081.jpg,1,0
scene16111.jpg,1,0
scene16141.jpg,1,0
scene16171.jpg,1,0
scene16201.jpg,1,0
scene16231.jpg,1,0
scene19141.jpg,1,0
scene19171.jpg,1,0
scene19201.jpg,1,0
scene19231.jpg,1,0
scene19261.jpg,1,0
scene19291.jpg,1,0
scene19321.jpg,1,0
scene19351.jpg,1,0
scene19381.jpg,1,0
scene19411.jpg,1,0
scene19441.jpg,1,0
scene19471.jpg,1,0
scene19501.jpg,1,0
scene19531.jpg,1,0
scene19561.jpg,1,0
scene19591.jpg,1,0
scene19621.jpg,1,0
scene19651.jpg,1,0
scene19681.jpg,1,0
scene20341.jpg,1,0
scene20371.jpg,1,0
scene20401.jpg,1,0
scene20431.jpg,1,0
scene20461.jpg,1,0
scene20491.jpg,1,0
scene20521.jpg,1,0
scene20551.jpg,1,0
scene20581.jpg,1,0
scene20611.jpg,1,0
scene20641.jpg,1,0
scene20671.jpg,1,0
scene20701.jpg,1,0
scene20731.jpg,1,0
scene20761.jpg,1,0
scene20791.jpg,1,0
scene20821.jpg,1,0
scene20851.jpg,1,0
scene20881.jpg,1,0
scene20911.jpg,1,0
scene20941.jpg,1,0
scene20971.jpg,1,0
scene21001.jpg,1,0
scene21031.jpg,1,0
scene21061.jpg,1,0
scene23731.jpg,1,0
scene23761.jpg,1,0
scene23791.jpg,1,0
scene23821.jpg,1,0
scene23851.jpg,1,0
scene23881.jpg,1,0
scene23911.jpg,1,0
scene23941.jpg,1,0
scene23971.jpg,1,0
scene24001.jpg,1,0
scene24031.jpg,1,0
scene26041.jpg,1,0
scene26071.jpg,1,0
scene26101.jpg,1,0
scene26131.jpg,1,0
scene26161.jpg,1,0
scene26191.jpg,1,0
scene26221.jpg,1,0
scene26251.jpg,1,0
scene26281.jpg,1,0
scene26311.jpg,1,0
scene26341.jpg,1,0
scene26371.jpg,1,0
scene26401.jpg,1,0
scene26431.jpg,1,0
scene26461.jpg,1,0
scene26491.jpg,1,0
scene26521.jpg,1,0
scene26551.jpg,1,0
scene26581.jpg,1,0
scene26611.jpg,1,0
scene26641.jpg,1,0
scene26671.jpg,1,0
scene26701.jpg,1,0
scene26731.jpg,1,0
scene26761.jpg,1,0
scene26791.jpg,1,0
scene26821.jpg,1,0
scene26851.jpg,1,0
scene26881.jpg,1,0
scene26911.jpg,1,0
scene26941.jpg,1,0
scene26971.jpg,1,0
scene27001.jpg,1,0
scene27031.jpg,1,0
scene27061.jpg,1,0
scene27091.jpg,1,0
scene27121.jpg,1,0
scene27151.jpg,1,0
scene27181.jpg,1,0
scene27211.jpg,1,0
scene27241.jpg,1,0
scene27271.jpg,1,0
scene27301.jpg,1,0
scene27331.jpg,1,0
scene27361.jpg,1,0
scene27391.jpg,1,0
scene27421.jpg,1,0
scene27451.jpg,1,0
scene27481.jpg,1,0
scene27511.jpg,1,0
scene27541.jpg,1,0
scene27571.jpg,1,0
scene27631.jpg,0,1
scene27661.jpg,1,1
scene27691.jpg,0,1
scene27721.jpg,0,1
scene27751.jpg,0,1
scene27781.jpg,0,1
scene27811.jpg,0,1
scene27841.jpg,0,1
scene27871.jpg,0,1
scene27901.jpg,0,1
scene27931.jpg,0,1
scene27961.jpg,0,1
scene27991.jpg,0,1
scene28021.jpg,0,1
scene28051.jpg,0,1
scene28081.jpg,0,1
scene28111.jpg,0,1
scene28231.jpg,1,0
scene28261.jpg,1,0
scene28291.jpg,1,0
scene28321.jpg,1,0
scene28351.jpg,1,0
scene28381.jpg,1,0
scene28411.jpg,1,0
scene28441.jpg,1,0
scene28471.jpg,1,0
scene28501.jpg,1,0
scene28531.jpg,1,0
scene28561.jpg,1,0
scene28591.jpg,1,0
scene28621.jpg,1,0
scene28651.jpg,1,0
scene28681.jpg,1,0
scene28711.jpg,1,0
scene28741.jpg,1,0
scene28771.jpg,1,0
scene28801.jpg,1,0
scene28831.jpg,1,0
scene28861.jpg,1,0
scene28891.jpg,1,0
scene28921.jpg,0,1
scene28951.jpg,0,1
scene28981.jpg,0,1
scene29011.jpg,0,1
scene29041.jpg,0,1
scene29071.jpg,0,1
scene29161.jpg,1,0
scene29191.jpg,1,0
scene29221.jpg,1,0
scene29251.jpg,1,0
scene29281.jpg,1,0
scene29311.jpg,1,0
scene29341.jpg,1,0
scene29371.jpg,1,0
scene29401.jpg,1,0
scene29431.jpg,1,0
scene29461.jpg,1,0
scene29491.jpg,1,0
scene29521.jpg,1,0
scene29551.jpg,0,1
scene29581.jpg,0,1
scene29611.jpg,0,1
scene29641.jpg,0,1
scene29791.jpg,1,0
scene29821.jpg,1,0
scene29851.jpg,1,0
scene29881.jpg,1,0
scene29911.jpg,1,0
scene29941.jpg,1,0
scene29971.jpg,1,0
scene30001.jpg,1,0
scene30031.jpg,1,0
scene30061.jpg,1,0
scene30091.jpg,1,0
scene30121.jpg,1,0
scene30151.jpg,1,0
scene30181.jpg,1,0
scene30211.jpg,1,0
scene30241.jpg,1,0
scene30271.jpg,1,0
scene30301.jpg,1,0
scene30331.jpg,1,0
scene30361.jpg,1,0
scene30391.jpg,1,0
scene30421.jpg,1,0
scene30451.jpg,1,0
scene30481.jpg,1,0
scene30511.jpg,1,0
scene30541.jpg,1,0
scene30571.jpg,1,0
scene30601.jpg,0,1
scene30631.jpg,0,1
scene30661.jpg,0,1
scene30691.jpg,0,1
scene30721.jpg,0,1
scene30751.jpg,0,1
scene30781.jpg,0,1
scene30811.jpg,0,1
scene30841.jpg,0,1
scene30871.jpg,0,1
scene30901.jpg,0,1
scene30931.jpg,0,1
scene30961.jpg,0,1
scene30991.jpg,0,1
scene31021.jpg,0,1
scene31051.jpg,0,1
scene31261.jpg,1,0
scene31291.jpg,1,0
scene31321.jpg,1,0
scene31351.jpg,1,0
scene31381.jpg,1,0
scene31411.jpg,1,0
scene31441.jpg,1,0
scene31471.jpg,1,0
scene31501.jpg,1,0
scene31531.jpg,1,0
scene31561.jpg,1,0
scene31591.jpg,1,0
scene31621.jpg,1,0
scene31651.jpg,1,0
scene31681.jpg,1,0
scene31711.jpg,1,0
scene31741.jpg,1,0
scene31771.jpg,1,0
scene31801.jpg,1,0
scene31831.jpg,1,0
scene31861.jpg,1,0
scene31891.jpg,1,0
scene31921.jpg,1,0
scene31951.jpg,1,0
scene31981.jpg,1,0
scene32011.jpg,1,0
scene32041.jpg,1,0
scene32071.jpg,1,0
scene32101.jpg,1,0
scene32131.jpg,1,0
scene32161.jpg,1,0
scene32191.jpg,1,0
scene32221.jpg,1,0
scene32251.jpg,1,0
scene32281.jpg,1,0
scene32311.jpg,1,0
scene32341.jpg,1,0
scene32371.jpg,1,0
scene32401.jpg,1,0
scene32521.jpg,1,0
scene32551.jpg,1,0
scene32581.jpg,1,0
scene32611.jpg,1,0
scene32641.jpg,1,0
scene32671.jpg,1,0
scene32701.jpg,1,0
scene32731.jpg,1,0
scene32761.jpg,1,0
scene32791.jpg,1,0
scene32821.jpg,0,1
scene32851.jpg,0,1
scene32881.jpg,0,1
scene32911.jpg,0,1
scene32941.jpg,0,1
scene33061.jpg,1,0
scene33091.jpg,1,0
scene33121.jpg,1,0
scene33151.jpg,1,0
scene33181.jpg,1,0
scene33211.jpg,1,0
scene33241.jpg,1,0
scene33271.jpg,1,0
scene33301.jpg,1,0
scene33331.jpg,1,0
scene33361.jpg,1,0
scene33391.jpg,1,0
scene33421.jpg,1,0
scene33451.jpg,1,0
scene33481.jpg,1,0
scene33511.jpg,1,0
scene33541.jpg,1,0
scene33571.jpg,1,0
scene33601.jpg,1,0
scene33631.jpg,1,0
scene33661.jpg,1,0
scene33691.jpg,1,0
scene33721.jpg,1,0
scene33751.jpg,1,0
scene33781.jpg,1,0
scene33811.jpg,1,0
scene33841.jpg,1,0
scene33871.jpg,1,0
scene33901.jpg,1,0
scene33931.jpg,1,0
scene33961.jpg,1,0
scene33991.jpg,1,0
scene34021.jpg,1,0
scene34051.jpg,1,0
scene34081.jpg,1,0
scene34111.jpg,1,0
scene34141.jpg,1,0
scene34201.jpg,0,1
scene34231.jpg,0,1
scene34261.jpg,0,1
scene34291.jpg,0,1
scene34321.jpg,0,1
scene34351.jpg,0,1
scene34381.jpg,1,0
scene34411.jpg,1,0
scene34441.jpg,1,0
scene34471.jpg,1,0
scene34561.jpg,1,0
scene34591.jpg,1,0
scene34621.jpg,1,0
scene34741.jpg,1,0
scene34771.jpg,1,0
scene34801.jpg,1,0
scene34831.jpg,1,0
scene34861.jpg,1,0
scene34891.jpg,1,0
scene34921.jpg,1,0
scene34951.jpg,1,0
scene34981.jpg,1,0
scene35011.jpg,1,0
scene35041.jpg,1,0
scene35071.jpg,1,0
scene35101.jpg,1,0
scene35131.jpg,1,0
scene35161.jpg,1,0
scene35191.jpg,1,0
scene35221.jpg,1,0
scene35251.jpg,1,0
scene35371.jpg,1,0
scene35401.jpg,1,0
scene35431.jpg,1,0
scene35461.jpg,1,0
scene35491.jpg,1,0
scene35521.jpg,1,0
scene35551.jpg,1,0
scene35581.jpg,1,0
scene35611.jpg,1,0
scene35641.jpg,1,0
scene35671.jpg,1,0
scene35701.jpg,1,0
scene35731.jpg,1,0
scene35761.jpg,1,0
scene35791.jpg,1,0
scene35821.jpg,1,0
scene35851.jpg,1,0
scene35881.jpg,1,0
scene35911.jpg,1,0
scene35941.jpg,1,0
scene35971.jpg,1,0
scene36001.jpg,1,0
scene36031.jpg,1,0
scene36061.jpg,1,0
scene36091.jpg,1,0
scene36121.jpg,1,0
scene36151.jpg,1,0
scene36181.jpg,1,0
scene36211.jpg,1,0
scene36241.jpg,1,0
scene36271.jpg,1,0
scene36301.jpg,1,1
scene36331.jpg,0,1
scene36361.jpg,0,1
scene36391.jpg,0,1
scene36421.jpg,0,1
scene36451.jpg,0,1
scene36481.jpg,0,1
scene36511.jpg,0,1
scene36541.jpg,0,1
scene36571.jpg,0,1
scene36601.jpg,0,1
scene36631.jpg,0,1
scene36661.jpg,0,1
scene36691.jpg,0,1
scene36721.jpg,0,1
scene36751.jpg,0,1
scene36781.jpg,0,1
scene36811.jpg,0,1
scene36841.jpg,0,1
scene36871.jpg,0,1
scene36901.jpg,0,1
scene36931.jpg,0,1
scene36961.jpg,0,1
scene36991.jpg,0,1
scene37021.jpg,0,1
scene37051.jpg,0,1
scene37081.jpg,0,1
scene37111.jpg,0,1
scene37141.jpg,0,1
scene37171.jpg,0,1
scene37201.jpg,0,1
scene37231.jpg,0,1
scene37261.jpg,0,1
scene37291.jpg,0,1
scene37321.jpg,0,1
scene39781.jpg,1,0
scene39811.jpg,1,0
scene39841.jpg,1,0
scene39871.jpg,1,0
scene39901.jpg,1,0
scene39931.jpg,1,0
scene39961.jpg,1,0
scene39991.jpg,1,0
scene40021.jpg,1,0
scene40051.jpg,1,0
scene40081.jpg,1,0
scene40111.jpg,1,0
scene40141.jpg,1,0
scene40171.jpg,1,0
scene40201.jpg,1,0
scene40231.jpg,1,0
scene40261.jpg,1,0
scene40291.jpg,1,0
scene40321.jpg,1,0
scene40351.jpg,1,0
scene40381.jpg,1,0
scene40411.jpg,0,1
scene40441.jpg,0,1
scene40471.jpg,0,1
scene40501.jpg,0,1
scene40531.jpg,0,1
scene40561.jpg,0,1
scene40591.jpg,0,1
scene40621.jpg,0,1
scene40651.jpg,0,1
scene40741.jpg,0,1
scene40771.jpg,0,1
scene40801.jpg,0,1
scene40831.jpg,0,1
scene40951.jpg,1,0
scene40981.jpg,1,0
scene41011.jpg,1,0
scene41041.jpg,1,0
scene41071.jpg,1,0
scene41101.jpg,1,0
scene41131.jpg,1,0
scene41161.jpg,1,0
scene41191.jpg,1,0
scene41221.jpg,1,0
scene41251.jpg,1,0
scene41281.jpg,1,0
scene41311.jpg,1,0
scene41341.jpg,1,0
scene41371.jpg,1,0
scene41401.jpg,1,0
scene41431.jpg,1,0
scene41461.jpg,1,0
scene41491.jpg,1,0
scene41521.jpg,1,0
scene41551.jpg,1,0
scene41581.jpg,1,0
scene41611.jpg,1,0
scene41641.jpg,1,0
scene41671.jpg,1,0
scene41701.jpg,1,0
scene41731.jpg,1,0
scene41761.jpg,1,0
scene41791.jpg,1,0
scene41821.jpg,1,0
scene41851.jpg,1,0
scene41881.jpg,0,1
scene41911.jpg,0,1
scene41941.jpg,0,1
scene41971.jpg,0,1
scene42001.jpg,0,1
scene42031.jpg,0,1
scene42181.jpg,1,0
scene42211.jpg,1,0
scene42241.jpg,1,0
scene42271.jpg,1,0
scene42301.jpg,1,0
scene42331.jpg,1,0
scene42361.jpg,1,0
scene42391.jpg,1,0
scene42421.jpg,1,0
scene42451.jpg,1,0
scene42481.jpg,1,0
scene42511.jpg,1,0
scene42541.jpg,1,0
scene42571.jpg,1,0
scene42601.jpg,1,0
scene42631.jpg,1,0
scene42661.jpg,1,0
scene42691.jpg,1,0
scene42721.jpg,1,0
scene42751.jpg,1,0
scene42781.jpg,1,0
scene42811.jpg,1,0
scene42841.jpg,1,0
scene42871.jpg,1,0
scene42901.jpg,1,0
scene42931.jpg,1,0
scene42961.jpg,1,0
scene43021.jpg,0,1
scene43051.jpg,0,1
scene43081.jpg,0,1
scene43111.jpg,0,1
scene43141.jpg,0,1
scene43261.jpg,1,0
scene43291.jpg,1,0
scene43321.jpg,1,0
scene43351.jpg,1,0
scene43381.jpg,1,0
scene43411.jpg,1,0
scene43441.jpg,1,0
scene43471.jpg,1,0
scene43501.jpg,1,0
scene43531.jpg,1,0
scene43561.jpg,1,0
scene43591.jpg,1,0
scene43621.jpg,1,0
scene43651.jpg,1,0
scene43681.jpg,1,0
scene43711.jpg,1,0
scene43741.jpg,1,0
scene43771.jpg,1,0
scene43801.jpg,1,0
scene43831.jpg,1,0
scene43861.jpg,1,0
scene43891.jpg,1,0
scene43921.jpg,1,0
scene43951.jpg,1,0
scene43981.jpg,1,0
scene44011.jpg,1,0
scene44041.jpg,1,0
scene44071.jpg,1,0
scene44101.jpg,1,0
scene44131.jpg,1,0
scene44161.jpg,1,0
scene44191.jpg,1,0
scene44221.jpg,1,0
scene44251.jpg,1,0
scene44281.jpg,1,0
scene44311.jpg,1,0
scene44341.jpg,0,1
scene44551.jpg,1,0
scene44581.jpg,1,0
scene44611.jpg,1,0
scene44671.jpg,1,0
scene44701.jpg,1,0
scene44731.jpg,1,0
scene44761.jpg,1,0
scene44791.jpg,1,0
scene44821.jpg,1,0
scene44851.jpg,1,0
scene44881.jpg,1,0
scene44911.jpg,1,0
scene44941.jpg,1,0
scene44971.jpg,1,0
scene45001.jpg,1,0
scene45031.jpg,1,0
scene45151.jpg,1,0
scene45181.jpg,1,0
scene45211.jpg,1,0
scene45271.jpg,1,0
scene45331.jpg,1,0
scene45361.jpg,1,0
scene45391.jpg,1,0
scene45421.jpg,1,0
scene45451.jpg,1,0
scene45481.jpg,1,0
scene45511.jpg,1,0
scene45541.jpg,1,0
scene45571.jpg,1,0
scene45601.jpg,1,0
scene45631.jpg,1,0
scene45661.jpg,1,0
scene45691.jpg,1,0
scene45721.jpg,1,0
scene45751.jpg,0,1
scene45781.jpg,0,1
scene45811.jpg,0,1
scene45961.jpg,1,0
scene45991.jpg,1,0
scene46021.jpg,1,0
scene46051.jpg,1,0
scene46081.jpg,1,0
scene46111.jpg,1,0
scene46141.jpg,1,0
scene46171.jpg,1,0
scene46201.jpg,1,0
scene46231.jpg,1,0
scene46261.jpg,1,0
scene46291.jpg,1,0
scene46471.jpg,0,1
scene46501.jpg,0,1
scene46531.jpg,0,1
scene46561.jpg,0,1
scene46591.jpg,0,1
scene46621.jpg,0,1
scene46651.jpg,0,1
scene48121.jpg,1,0
scene48151.jpg,1,0
scene48181.jpg,1,0
scene48211.jpg,1,0
scene48241.jpg,1,0
scene48271.jpg,1,0
scene48301.jpg,1,0
scene48331.jpg,1,0
scene48361.jpg,1,0
scene48391.jpg,1,0
scene48421.jpg,1,0
scene48451.jpg,1,0
scene48481.jpg,1,0
scene48511.jpg,1,0
scene48541.jpg,1,0
scene48571.jpg,1,0
scene48601.jpg,1,0
scene48631.jpg,1,0
scene48661.jpg,1,0
scene48691.jpg,1,0
scene48721.jpg,1,0
scene48751.jpg,1,0
scene48781.jpg,1,0
scene48811.jpg,1,0
scene48841.jpg,1,0
scene48871.jpg,1,0
scene48901.jpg,1,0
scene48931.jpg,1,0
scene48961.jpg,1,0
scene48991.jpg,1,0
scene49021.jpg,1,0
scene49051.jpg,1,0
scene49081.jpg,1,0
scene49111.jpg,1,0
scene49171.jpg,1,1
scene49201.jpg,1,1
scene49231.jpg,0,1
scene49261.jpg,0,1
scene49291.jpg,0,1
scene49321.jpg,0,1
scene49351.jpg,0,1
scene49381.jpg,0,1
scene49411.jpg,0,1
scene49441.jpg,0,1
scene49471.jpg,0,1
scene49501.jpg,0,1
scene49531.jpg,0,1
scene49561.jpg,0,1
scene49591.jpg,0,1
scene49651.jpg,1,0
scene49681.jpg,1,0
scene49711.jpg,1,0
scene49741.jpg,1,0
scene49771.jpg,1,0
scene49801.jpg,1,0
scene49831.jpg,1,0
scene49861.jpg,1,0
scene49891.jpg,1,0
scene49921.jpg,1,0
scene49951.jpg,1,0
scene49981.jpg,1,0
scene50011.jpg,1,0
scene50041.jpg,1,0
scene50071.jpg,1,0
scene50101.jpg,1,0
scene50131.jpg,1,0
scene50161.jpg,0,1
scene50191.jpg,0,1
scene50221.jpg,0,1
scene50251.jpg,0,1
scene50281.jpg,0,1
scene50311.jpg,1,0
scene50341.jpg,1,0
scene50371.jpg,1,0
scene50401.jpg,1,0
scene50431.jpg,1,0
scene50461.jpg,1,0
scene50491.jpg,1,0
scene50521.jpg,1,0
scene50551.jpg,1,0
scene50581.jpg,1,0
scene50611.jpg,1,0
scene50641.jpg,1,0
scene50671.jpg,1,0
scene50701.jpg,1,0
scene50731.jpg,1,0
scene50761.jpg,1,0
scene50791.jpg,1,0
scene50821.jpg,1,0
scene50851.jpg,1,0
scene50881.jpg,1,0
scene50911.jpg,1,0
scene50941.jpg,1,0
scene50971.jpg,1,0
scene51001.jpg,1,0
scene51031.jpg,1,0
scene51061.jpg,1,0
scene51091.jpg,1,0
scene51121.jpg,1,0
scene51151.jpg,1,0
scene51181.jpg,1,0
scene51211.jpg,1,0
scene51241.jpg,1,0
scene51271.jpg,1,0
scene51901.jpg,1,0
scene51931.jpg,1,0
scene51961.jpg,1,0
scene51991.jpg,1,0
scene52021.jpg,1,0
scene52051.jpg,1,0
scene52081.jpg,1,0
scene52111.jpg,1,0
scene52141.jpg,1,0
scene52171.jpg,1,0
scene52201.jpg,1,0
scene52231.jpg,1,0
scene52261.jpg,1,0
scene52291.jpg,1,0
scene52321.jpg,1,0
scene52351.jpg,1,0
scene52381.jpg,1,0
scene52411.jpg,1,0
scene52441.jpg,1,0
scene52471.jpg,1,0
scene52501.jpg,1,0
scene52531.jpg,1,0
scene52561.jpg,1,0
scene52591.jpg,1,0
scene52621.jpg,1,0
scene52651.jpg,1,0
scene52681.jpg,1,0
scene52711.jpg,1,0
scene52741.jpg,1,0
scene52771.jpg,1,0
scene52801.jpg,1,0
scene52831.jpg,1,0
scene52861.jpg,1,0
scene52891.jpg,1,0
scene52921.jpg,1,0
scene52951.jpg,1,0
scene52981.jpg,0,1
scene53011.jpg,0,1
scene53041.jpg,0,1
scene53071.jpg,0,1
scene53101.jpg,0,1
scene53131.jpg,0,1
scene53161.jpg,0,1
scene53191.jpg,0,1
scene53221.jpg,0,1
scene53251.jpg,0,1
scene53281.jpg,0,1
scene53311.jpg,0,1
scene54301.jpg,1,0
scene54331.jpg,1,0
scene54361.jpg,1,0
scene54391.jpg,1,0
scene54421.jpg,1,0
scene54451.jpg,1,0
scene54481.jpg,1,0
scene54511.jpg,1,0
scene54541.jpg,1,0
scene54571.jpg,1,0
scene54601.jpg,1,0
scene54631.jpg,1,0
scene54661.jpg,1,0
scene54691.jpg,1,0
scene54721.jpg,1,0
scene54751.jpg,1,0
scene54781.jpg,1,0
scene54811.jpg,1,0
scene54841.jpg,1,0
scene54871.jpg,1,0
scene54901.jpg,1,0
scene54931.jpg,1,0
scene54961.jpg,1,0
scene54991.jpg,1,0
scene55021.jpg,1,0
scene55051.jpg,1,0
scene55081.jpg,1,0
scene55111.jpg,1,0
scene55141.jpg,1,0
scene55231.jpg,1,0
scene55171.jpg,1,0
scene55201.jpg,1,0
scene55261.jpg,1,0
scene55291.jpg,1,0
scene55321.jpg,1,0
scene55351.jpg,1,0
scene55381.jpg,1,0
scene55411.jpg,1,0
scene55441.jpg,1,0
scene55471.jpg,1,0
scene46441.jpg,1,0
scene46411.jpg,1,0
scene45301.jpg,1,0
scene45241.jpg,1,0
scene44641.jpg,1,0
scene42991.jpg,1,0
scene40711.jpg,0,1
scene40681.jpg,0,1
scene34531.jpg,1,0
scene34651.jpg,1,0
scene34681.jpg,1,0
scene34711.jpg,1,0
scene34171.jpg,1,0
scene27601.jpg,1,0
scene03091.jpg,1,0
scene02851.jpg,0,1
scene02821.jpg,0,1
scene02791.jpg,0,1
scene02761.jpg,0,1
scene02731.jpg,0,1
scene02701.jpg,0,1
scene02671.jpg,0,1
